Name,Team,Conference,Division,Position,Height,HeightInches,Age,Number
Asa Newell,ATL,East,Southeast,F,6-10,82,20,14
Buddy Hield,ATL,East,Southeast,G,6-4,76,33,8
CJ McCollum,ATL,East,Southeast,G,6-3,75,34,3
Christian Koloko,ATL,East,Southeast,C,6-11,83,25,10
Corey Kispert,ATL,East,Southeast,F,6-6,78,27,24
Dyson Daniels,ATL,East,Southeast,G,6-7,79,23,5
Gabe Vincent,ATL,East,Southeast,G,6-2,74,30,4
Jalen Johnson,ATL,East,Southeast,F,6-8,80,24,1
Jock Landale,ATL,East,Southeast,C,6-11,83,30,31
Jonathan Kuminga,ATL,East,Southeast,F,6-7,79,23,0
Keaton Wallace,ATL,East,Southeast,G,6-3,75,27,2
Keshon Gilbert,ATL,East,Southeast,G,6-4,76,22,
Mouhamed Gueye,ATL,East,Southeast,F,6-11,83,23,18
Nickeil Alexander-Walker,ATL,East,Southeast,G,6-5,77,27,7
Onyeka Okongwu,ATL,East,Southeast,F-C,6-10,82,25,17
RayJ Dennis,ATL,East,Southeast,G,6-1,73,25,00
Tony Bradley,ATL,East,Southeast,C-F,6-10,82,28,13
Zaccharie Risacher,ATL,East,Southeast,F,6-8,80,21,10
Ben Saraf,BKN,East,Atlantic,G,6-6,78,20,77
Chaney Johnson,BKN,East,Atlantic,G-F,6-7,79,23,31
Danny Wolf,BKN,East,Atlantic,F,6-11,83,22,2
Day'Ron Sharpe,BKN,East,Atlantic,C,6-10,82,24,20
Drake Powell,BKN,East,Atlantic,G-F,6-5,77,20,4
E.J. Liddell,BKN,East,Atlantic,F,6-6,78,25,9
Egor Dëmin,BKN,East,Atlantic,G,6-8,80,20,8
Jalen Wilson,BKN,East,Atlantic,F,6-6,78,25,22
Josh Minott,BKN,East,Atlantic,F,6-8,80,23,00
Malachi Smith,BKN,East,Atlantic,G,6-4,76,26,18
Michael Porter Jr.,BKN,East,Atlantic,F,6-10,82,27,17
Nic Claxton,BKN,East,Atlantic,C,6-11,83,27,33
Noah Clowney,BKN,East,Atlantic,F-C,6-10,82,21,21
Nolan Traore,BKN,East,Atlantic,G,6-3,75,20,88
Ochai Agbaji,BKN,East,Atlantic,G,6-5,77,26,30
Terance Mann,BKN,East,Atlantic,G-F,6-6,78,29,14
Tyson Etienne,BKN,East,Atlantic,G,6-0,72,26,10
Ziaire Williams,BKN,East,Atlantic,F,6-9,81,24,1
Amari Williams,BOS,East,Atlantic,F-C,6-11,83,24,77
Baylor Scheierman,BOS,East,Atlantic,G,6-6,78,25,55
Dalano Banton,BOS,East,Atlantic,F,6-8,80,26,45
Derrick White,BOS,East,Atlantic,G,6-4,76,31,9
Hugo González,BOS,East,Atlantic,G,6-6,78,20,28
Jaylen Brown,BOS,East,Atlantic,G-F,6-6,78,29,7
Jayson Tatum,BOS,East,Atlantic,F-G,6-8,80,28,0
John Tonje,BOS,East,Atlantic,G,6-4,76,25,8
Jordan Walsh,BOS,East,Atlantic,G,6-6,78,22,27
Luka Garza,BOS,East,Atlantic,C,6-10,82,27,52
Max Shulga,BOS,East,Atlantic,G,6-4,76,23,44
Neemias Queta,BOS,East,Atlantic,C,7-0,84,26,88
Nikola Vučević,BOS,East,Atlantic,C,6-9,81,35,4
Payton Pritchard,BOS,East,Atlantic,G,6-1,73,28,11
Ron Harper Jr.,BOS,East,Atlantic,G-F,6-5,77,26,13
Sam Hauser,BOS,East,Atlantic,F,6-7,79,28,30
Antonio Reeves,CHA,East,Southeast,G,6-5,77,25,12
Brandon Miller,CHA,East,Southeast,F,6-7,79,23,24
Coby White,CHA,East,Southeast,G,6-4,76,26,3
Grant Williams,CHA,East,Southeast,F,6-7,79,27,2
Josh Green,CHA,East,Southeast,G,6-6,78,25,10
Kon Knueppel,CHA,East,Southeast,G-F,6-6,78,20,7
LaMelo Ball,CHA,East,Southeast,G,6-7,79,24,1
Liam McNeeley,CHA,East,Southeast,F,6-7,79,20,33
Miles Bridges,CHA,East,Southeast,F,6-7,79,28,0
Moussa Diabaté,CHA,East,Southeast,F,6-10,82,24,14
PJ Hall,CHA,East,Southeast,C,6-8,80,24,16
Pat Connaughton,CHA,East,Southeast,G,6-5,77,33,21
Ryan Kalkbrenner,CHA,East,Southeast,C,7-1,85,24,11
Sion James,CHA,East,Southeast,G,6-5,77,23,4
Tidjane Salaün,CHA,East,Southeast,F,6-10,82,20,31
Tosan Evbuomwan,CHA,East,Southeast,F,6-8,80,25,20
Tre Mann,CHA,East,Southeast,G,6-4,76,25,23
Xavier Tillman,CHA,East,Southeast,F,6-8,80,27,26
Anfernee Simons,CHI,East,Central,G,6-3,75,27,22
Collin Sexton,CHI,East,Central,G,6-3,75,27,2
Guerschon Yabusele,CHI,East,Central,F,6-7,79,30,28
Isaac Okoro,CHI,East,Central,F-G,6-4,76,25,35
Jalen Smith,CHI,East,Central,F-C,6-8,80,26,25
Josh Giddey,CHI,East,Central,G,6-7,79,23,3
Lachlan Olbrich,CHI,East,Central,C,6-8,80,22,47
Leonard Miller,CHI,East,Central,F,6-10,82,22,11
Mac McClung,CHI,East,Central,G,6-2,74,27,5
Matas Buzelis,CHI,East,Central,F,6-8,80,21,14
Mouhamadou Gueye,CHI,East,Central,F,6-9,81,27,16
Nick Richards,CHI,East,Central,C,6-11,83,28,13
Noa Essengue,CHI,East,Central,F,6-8,80,19,24
Patrick Williams,CHI,East,Central,F,6-6,78,24,44
Rob Dillingham,CHI,East,Central,G,6-2,74,21,7
Tre Jones,CHI,East,Central,G,6-1,73,26,30
Yuki Kawamura,CHI,East,Central,G,5-7,67,25,8
Zach Collins,CHI,East,Central,F-C,6-9,81,28,12
Craig Porter Jr.,CLE,East,Central,G,6-1,73,26,9
Dean Wade,CLE,East,Central,F-C,6-9,81,29,32
Dennis Schröder,CLE,East,Central,G,6-1,73,32,8
Donovan Mitchell,CLE,East,Central,G,6-2,74,29,45
Evan Mobley,CLE,East,Central,C,6-11,83,24,4
James Harden,CLE,East,Central,G,6-5,77,36,1
Jarrett Allen,CLE,East,Central,C,6-9,81,28,31
Jaylon Tyson,CLE,East,Central,G-F,6-6,78,23,20
Keon Ellis,CLE,East,Central,G,6-4,76,26,14
Larry Nance Jr.,CLE,East,Central,F-C,6-6,78,33,22
Max Strus,CLE,East,Central,G-F,6-5,77,30,2
Nae'Qwan Tomlin,CLE,East,Central,F,6-8,80,25,35
Olivier Sarr,CLE,East,Central,C,6-10,82,27,33
Riley Minix,CLE,East,Central,F,6-7,79,25,12
Sam Merrill,CLE,East,Central,G,6-4,76,30,5
Thomas Bryant,CLE,East,Central,C-F,6-9,81,28,3
Tristan Enaruna,CLE,East,Central,F,6-7,79,24,21
Tyrese Proctor,CLE,East,Central,G,6-4,76,22,24
AJ Johnson,DAL,West,Southwest,G,6-5,77,21,8
Brandon Williams,DAL,West,Southwest,G,6-1,73,26,10
Caleb Martin,DAL,West,Southwest,F,6-5,77,30,16
Cooper Flagg,DAL,West,Southwest,F,6-9,81,19,32
Daniel Gafford,DAL,West,Southwest,F-C,6-10,82,27,21
Dereck Lively II,DAL,West,Southwest,C,7-1,85,22,2
Dwight Powell,DAL,West,Southwest,F-C,6-10,82,34,7
John Poulakidas,DAL,West,Southwest,G,6-6,78,23,
Khris Middleton,DAL,West,Southwest,F,6-7,79,34,20
Klay Thompson,DAL,West,Southwest,G,6-5,77,36,31
Kyrie Irving,DAL,West,Southwest,G,6-2,74,34,11
Marvin Bagley III,DAL,West,Southwest,F,6-10,82,27,35
Max Christie,DAL,West,Southwest,G,6-5,77,23,00
Moussa Cisse,DAL,West,Southwest,C,6-11,83,23,30
Naji Marshall,DAL,West,Southwest,F,6-6,78,28,13
P.J. Washington,DAL,West,Southwest,F,6-7,79,27,25
Ryan Nembhard,DAL,West,Southwest,G,5-11,71,23,9
Tyler Smith,DAL,West,Southwest,F,6-9,81,21,21
Aaron Gordon,DEN,West,Northwest,F,6-8,80,30,32
Bruce Brown,DEN,West,Northwest,G-F,6-4,76,29,11
Cameron Johnson,DEN,West,Northwest,F,6-8,80,30,23
Christian Braun,DEN,West,Northwest,G,6-6,78,25,0
Curtis Jones,DEN,West,Northwest,G,6-3,75,24,1
DaRon Holmes II,DEN,West,Northwest,F,6-9,81,23,14
David Roddy,DEN,West,Northwest,F,6-5,77,25,45
Jalen Pickett,DEN,West,Northwest,G,6-2,74,26,24
Jamal Murray,DEN,West,Northwest,G,6-4,76,29,27
Jonas Valančiūnas,DEN,West,Northwest,C,6-11,83,34,17
Julian Strawther,DEN,West,Northwest,G,6-6,78,24,3
KJ Simpson,DEN,West,Northwest,G,6-2,74,23,25
Nikola Jokić,DEN,West,Northwest,C,6-11,83,31,15
Peyton Watson,DEN,West,Northwest,G,6-8,80,23,8
Spencer Jones,DEN,West,Northwest,F,6-7,79,25,21
Tim Hardaway Jr.,DEN,West,Northwest,G-F,6-5,77,34,10
Tyus Jones,DEN,West,Northwest,G,6-0,72,30,5
Zeke Nnaji,DEN,West,Northwest,F-C,6-10,82,25,22
Ausar Thompson,DET,East,Central,G-F,6-7,79,23,9
Cade Cunningham,DET,East,Central,G,6-6,78,24,2
Caris LeVert,DET,East,Central,G,6-7,79,31,8
Chaz Lanier,DET,East,Central,G,6-3,75,24,20
Daniss Jenkins,DET,East,Central,G,6-4,76,24,24
Duncan Robinson,DET,East,Central,F,6-7,79,32,55
Isaac Jones,DET,East,Central,F,6-8,80,25,3
Isaiah Stewart,DET,East,Central,F-C,6-8,80,25,28
Jalen Duren,DET,East,Central,C,6-10,82,22,0
Javonte Green,DET,East,Central,G,6-5,77,32,31
Kevin Huerter,DET,East,Central,G-F,6-6,78,27,27
Marcus Sasser,DET,East,Central,G,6-1,73,25,25
Paul Reed,DET,East,Central,F,6-9,81,27,7
Ronald Holland II,DET,East,Central,F,6-8,80,20,5
Tobias Harris,DET,East,Central,F,6-8,80,33,12
Tolu Smith,DET,East,Central,F,6-11,83,25,35
Wendell Moore Jr.,DET,East,Central,G,6-5,77,24,14
Al Horford,GSW,West,Pacific,C-F,6-8,80,40,20
Brandin Podziemski,GSW,West,Pacific,G,6-4,76,23,2
Charles Bassey,GSW,West,Pacific,C-F,6-10,82,25,28
De'Anthony Melton,GSW,West,Pacific,G,6-2,74,28,8
Draymond Green,GSW,West,Pacific,F,6-6,78,36,23
Gary Payton II,GSW,West,Pacific,G,6-2,74,33,0
Gui Santos,GSW,West,Pacific,F,6-7,79,23,15
Jimmy Butler III,GSW,West,Pacific,F,6-6,78,36,10
Kristaps Porziņģis,GSW,West,Pacific,F-C,7-2,86,30,7
LJ Cryer,GSW,West,Pacific,G,6-0,72,24,18
Malevy Leons,GSW,West,Pacific,F,6-9,81,26,33
Moses Moody,GSW,West,Pacific,G,6-5,77,24,4
Nate Williams,GSW,West,Pacific,G,6-5,77,27,19
Pat Spencer,GSW,West,Pacific,G,6-2,74,29,61
Quinten Post,GSW,West,Pacific,C,7-0,84,26,21
Seth Curry,GSW,West,Pacific,G,6-1,73,35,31
Stephen Curry,GSW,West,Pacific,G,6-2,74,38,30
Will Richard,GSW,West,Pacific,G,6-3,75,23,3
Aaron Holiday,HOU,West,Southwest,G,6-0,72,29,0
Alperen Sengun,HOU,West,Southwest,C,6-11,83,23,28
Amen Thompson,HOU,West,Southwest,G-F,6-7,79,23,1
Clint Capela,HOU,West,Southwest,C,6-10,82,32,30
Dorian Finney-Smith,HOU,West,Southwest,F,6-7,79,33,2
Fred VanVleet,HOU,West,Southwest,G,6-0,72,32,5
Isaiah Crawford,HOU,West,Southwest,F,6-6,78,24,27
JD Davison,HOU,West,Southwest,G,6-1,73,23,4
Jabari Smith Jr.,HOU,West,Southwest,F,6-11,83,23,10
Jae'Sean Tate,HOU,West,Southwest,F,6-4,76,30,8
Jeff Green,HOU,West,Southwest,F,6-8,80,39,32
Josh Okogie,HOU,West,Southwest,G,6-4,76,27,20
Kevin Durant,HOU,West,Southwest,F,6-11,83,37,7
Reed Sheppard,HOU,West,Southwest,G,6-2,74,21,15
Steven Adams,HOU,West,Southwest,C,6-11,83,32,12
Tari Eason,HOU,West,Southwest,F,6-8,80,25,17
Tristen Newton,HOU,West,Southwest,G,6-5,77,25,13
Aaron Nesmith,IND,East,Central,G-F,6-5,77,26,23
Andrew Nembhard,IND,East,Central,G-F,6-4,76,26,2
Ben Sheppard,IND,East,Central,G,6-6,78,24,26
Ethan Thompson,IND,East,Central,G,6-4,76,27,55
Ivica Zubac,IND,East,Central,C,7-0,84,29,40
Jalen Slawson,IND,East,Central,F,6-7,79,26,18
Jarace Walker,IND,East,Central,F,6-7,79,22,5
Jay Huff,IND,East,Central,C,7-1,85,28,32
Johnny Furphy,IND,East,Central,G,6-8,80,21,12
Kam Jones,IND,East,Central,G,6-4,76,24,7
Kobe Brown,IND,East,Central,F,6-7,79,26,24
Micah Potter,IND,East,Central,C,6-9,81,28,11
Obi Toppin,IND,East,Central,F,6-9,81,28,1
Pascal Siakam,IND,East,Central,F,6-8,80,32,43
Quenton Jackson,IND,East,Central,G,6-4,76,27,29
T.J. McConnell,IND,East,Central,G,6-1,73,34,9
Taelon Peter,IND,East,Central,G,6-3,75,24,4
Tyrese Haliburton,IND,East,Central,G,6-5,77,26,0
Bennedict Mathurin,LAC,West,Pacific,G-F,6-5,77,23,9
Bogdan Bogdanović,LAC,West,Pacific,G,6-5,77,33,7
Bradley Beal,LAC,West,Pacific,G,6-4,76,32,0
Brook Lopez,LAC,West,Pacific,C,7-1,85,38,11
Cam Christie,LAC,West,Pacific,G,6-5,77,20,12
Darius Garland,LAC,West,Pacific,G,6-1,73,26,10
Derrick Jones Jr.,LAC,West,Pacific,F,6-6,78,29,5
Isaiah Jackson,LAC,West,Pacific,F,6-8,80,24,23
John Collins,LAC,West,Pacific,F-C,6-9,81,28,20
Jordan Miller,LAC,West,Pacific,G,6-5,77,26,22
Kawhi Leonard,LAC,West,Pacific,F,6-6,78,34,2
Kobe Sanders,LAC,West,Pacific,G,6-8,80,24,4
Kris Dunn,LAC,West,Pacific,G,6-3,75,32,8
Nicolas Batum,LAC,West,Pacific,G-F,6-7,79,37,33
Norchad Omier,LAC,West,Pacific,F,6-7,79,24,
Sean Pedulla,LAC,West,Pacific,G,6-1,73,23,
TyTy Washington Jr.,LAC,West,Pacific,G,6-3,75,24,14
Yanic Konan Niederhäuser,LAC,West,Pacific,C,6-11,83,23,14
Adou Thiero,LAL,West,Pacific,G,6-7,79,22,1
Austin Reaves,LAL,West,Pacific,G,6-5,77,28,15
Bronny James,LAL,West,Pacific,G,6-2,74,21,9
Chris Mañon,LAL,West,Pacific,G,6-4,76,24,30
Dalton Knecht,LAL,West,Pacific,F,6-6,78,25,4
Deandre Ayton,LAL,West,Pacific,C,7-0,84,27,5
Drew Timme,LAL,West,Pacific,F,6-9,81,25,17
Jake LaRavia,LAL,West,Pacific,F,6-7,79,24,12
Jarred Vanderbilt,LAL,West,Pacific,F,6-8,80,27,2
Jaxson Hayes,LAL,West,Pacific,C-F,7-0,84,26,11
LeBron James,LAL,West,Pacific,F,6-9,81,41,23
Luka Dončić,LAL,West,Pacific,F-G,6-8,80,27,77
Luke Kennard,LAL,West,Pacific,G,6-5,77,29,10
Marcus Smart,LAL,West,Pacific,G,6-3,75,32,36
Maxi Kleber,LAL,West,Pacific,F,6-10,82,34,14
Nick Smith Jr.,LAL,West,Pacific,G,6-2,74,22,20
Rui Hachimura,LAL,West,Pacific,F,6-8,80,28,28
Brandon Clarke,MEM,West,Southwest,F,6-8,80,29,15
Cam Spencer,MEM,West,Southwest,G,6-3,75,26,24
Cedric Coward,MEM,West,Southwest,G,6-5,77,22,23
GG Jackson,MEM,West,Southwest,F,6-9,81,21,45
Ja Morant,MEM,West,Southwest,G,6-2,74,26,12
Jahmai Mashack,MEM,West,Southwest,G,6-4,76,23,
Javon Small,MEM,West,Southwest,G,6-1,73,23,10
Jaylen Wells,MEM,West,Southwest,F,6-7,79,22,0
Kentavious Caldwell-Pope,MEM,West,Southwest,G,6-5,77,33,3
Olivier-Maxence Prosper,MEM,West,Southwest,F,6-7,79,23,18
Rayan Rupert,MEM,West,Southwest,G-F,6-7,79,22,21
Santi Aldama,MEM,West,Southwest,F-C,7-0,84,25,7
Scotty Pippen Jr.,MEM,West,Southwest,G,6-2,74,25,1
Taj Gibson,MEM,West,Southwest,F,6-9,81,40,67
Taylor Hendricks,MEM,West,Southwest,F,6-9,81,22,22
Ty Jerome,MEM,West,Southwest,G-F,6-5,77,28,2
Walter Clayton Jr.,MEM,West,Southwest,G,6-4,76,23,4
Zach Edey,MEM,West,Southwest,C,7-3,87,24,14
Andrew Wiggins,MIA,East,Southeast,F,6-6,78,31,22
Bam Adebayo,MIA,East,Southeast,C-F,6-9,81,28,13
Davion Mitchell,MIA,East,Southeast,G,6-0,72,27,45
Dru Smith,MIA,East,Southeast,G,6-2,74,28,12
Jahmir Young,MIA,East,Southeast,G,6-0,72,25,17
Jaime Jaquez Jr.,MIA,East,Southeast,G,6-6,78,25,11
Kasparas Jakučionis,MIA,East,Southeast,G,6-5,77,20,25
Kel'el Ware,MIA,East,Southeast,C,7-0,84,22,7
Keshad Johnson,MIA,East,Southeast,F,6-6,78,24,16
Myron Gardner,MIA,East,Southeast,F,6-5,77,25,15
Nikola Jović,MIA,East,Southeast,F,6-10,82,23,5
Norman Powell,MIA,East,Southeast,G,6-3,75,33,24
Pelle Larsson,MIA,East,Southeast,G,6-5,77,25,9
Simone Fontecchio,MIA,East,Southeast,F,6-7,79,30,0
Trevor Keels,MIA,East,Southeast,G,6-3,75,22,3
Tyler Herro,MIA,East,Southeast,G,6-5,77,26,14
Vladislav Goldin,MIA,East,Southeast,C,7-0,84,25,50
AJ Green,MIL,East,Central,G,6-4,76,26,20
Alex Antetokounmpo,MIL,East,Central,F,6-8,80,24,29
Andre Jackson Jr.,MIL,East,Central,G,6-6,78,24,44
Bobby Portis,MIL,East,Central,F,6-9,81,31,9
Cormac Ryan,MIL,East,Central,G,6-5,77,27,30
Gary Harris,MIL,East,Central,G,6-4,76,31,11
Gary Trent Jr.,MIL,East,Central,G,6-5,77,27,5
Giannis Antetokounmpo,MIL,East,Central,F,6-11,83,31,34
Jericho Sims,MIL,East,Central,C,6-10,82,27,00
Kevin Porter Jr.,MIL,East,Central,G-F,6-5,77,26,7
Kyle Kuzma,MIL,East,Central,F,6-8,80,30,18
Myles Turner,MIL,East,Central,C-F,6-11,83,30,3
Ousmane Dieng,MIL,East,Central,F,6-9,81,23,21
Pete Nance,MIL,East,Central,F,6-9,81,26,35
Ryan Rollins,MIL,East,Central,G,6-3,75,23,13
Taurean Prince,MIL,East,Central,F,6-6,78,32,12
Thanasis Antetokounmpo,MIL,East,Central,F,6-7,79,33,43
Anthony Edwards,MIN,West,Northwest,G,6-4,76,24,5
Ayo Dosunmu,MIN,West,Northwest,G,6-4,76,26,13
Bones Hyland,MIN,West,Northwest,G,6-2,74,25,8
Donte DiVincenzo,MIN,West,Northwest,G,6-4,76,29,0
Enrique Freeman,MIN,West,Northwest,F,6-9,81,25,25
Jaden McDaniels,MIN,West,Northwest,F,6-9,81,25,3
Jaylen Clark,MIN,West,Northwest,G,6-5,77,24,22
Joan Beringer,MIN,West,Northwest,F,6-11,83,19,19
Joe Ingles,MIN,West,Northwest,F-G,6-8,80,38,7
Julian Phillips,MIN,West,Northwest,F,6-6,78,22,4
Julius Randle,MIN,West,Northwest,F-C,6-9,81,31,30
Kyle Anderson,MIN,West,Northwest,F-G,6-8,80,32,12
Mike Conley,MIN,West,Northwest,G,6-1,73,38,10
Naz Reid,MIN,West,Northwest,C-F,6-9,81,26,11
Rocco Zikarsky,MIN,West,Northwest,C,7-3,87,19,44
Rudy Gobert,MIN,West,Northwest,C,7-1,85,33,27
Terrence Shannon Jr.,MIN,West,Northwest,G-F,6-6,78,25,1
Zyon Pullin,MIN,West,Northwest,G,6-4,76,25,15
Bryce McGowens,NOP,West,Southwest,G,6-6,78,23,11
DeAndre Jordan,NOP,West,Southwest,C,6-11,83,37,9
Dejounte Murray,NOP,West,Southwest,G,6-4,76,29,5
Derik Queen,NOP,West,Southwest,C,6-9,81,21,22
Herbert Jones,NOP,West,Southwest,F,6-7,79,27,2
Hunter Dickinson,NOP,West,Southwest,C,7-1,85,25,4
Jeremiah Fears,NOP,West,Southwest,G,6-3,75,19,0
Jordan Hawkins,NOP,West,Southwest,G,6-5,77,24,24
Jordan Poole,NOP,West,Southwest,G,6-4,76,26,3
Josh Oduro,NOP,West,Southwest,C,6-9,81,25,
Karlo Matković,NOP,West,Southwest,F-C,6-10,82,25,17
Kevon Looney,NOP,West,Southwest,F,6-9,81,30,55
Micah Peavy,NOP,West,Southwest,G-F,6-7,79,24,14
Saddiq Bey,NOP,West,Southwest,G-F,6-8,80,27,41
Trey Alexander,NOP,West,Southwest,G,6-5,77,23,23
Trey Murphy III,NOP,West,Southwest,F,6-8,80,25,25
Yves Missi,NOP,West,Southwest,C,6-11,83,22,21
Zion Williamson,NOP,West,Southwest,F,6-6,78,25,1
Ariel Hukporti,NYK,East,Atlantic,C,7-0,84,24,55
Dillon Jones,NYK,East,Atlantic,F,6-5,77,24,
Jalen Brunson,NYK,East,Atlantic,G,6-2,74,29,11
Jeremy Sochan,NYK,East,Atlantic,F,6-8,80,23,20
Jordan Clarkson,NYK,East,Atlantic,G,6-5,77,34,00
Jose Alvarado,NYK,East,Atlantic,G,6-0,72,28,5
Josh Hart,NYK,East,Atlantic,G,6-5,77,31,3
Karl-Anthony Towns,NYK,East,Atlantic,C-F,7-0,84,30,32
Kevin McCullar Jr.,NYK,East,Atlantic,G,6-6,78,25,9
Landry Shamet,NYK,East,Atlantic,G,6-5,77,29,44
Mikal Bridges,NYK,East,Atlantic,G-F,6-6,78,29,25
Miles McBride,NYK,East,Atlantic,G,6-2,74,25,2
Mitchell Robinson,NYK,East,Atlantic,C-F,7-0,84,28,23
Mohamed Diawara,NYK,East,Atlantic,F,6-9,81,21,51
OG Anunoby,NYK,East,Atlantic,F-G,6-7,79,28,8
Pacôme Dadiet,NYK,East,Atlantic,F,6-9,81,20,4
Trey Jemison III,NYK,East,Atlantic,C,6-10,82,26,50
Tyler Kolek,NYK,East,Atlantic,G,6-2,74,25,13
Aaron Wiggins,OKC,West,Northwest,G,6-5,77,27,21
Ajay Mitchell,OKC,West,Northwest,G,6-4,76,23,25
Alex Caruso,OKC,West,Northwest,G,6-5,77,32,9
Branden Carlson,OKC,West,Northwest,C,7-0,84,27,15
Brooks Barnhizer,OKC,West,Northwest,G,6-5,77,24,23
Cason Wallace,OKC,West,Northwest,G,6-3,75,22,22
Chet Holmgren,OKC,West,Northwest,C-F,7-1,85,24,7
Isaiah Hartenstein,OKC,West,Northwest,C-F,7-0,84,28,55
Isaiah Joe,OKC,West,Northwest,G,6-4,76,26,11
Jalen Williams,OKC,West,Northwest,G-F,6-5,77,25,8
Jared McCain,OKC,West,Northwest,G,6-3,75,22,3
Jaylin Williams,OKC,West,Northwest,F,6-9,81,23,6
Kenrich Williams,OKC,West,Northwest,G-F,6-7,79,31,34
Luguentz Dort,OKC,West,Northwest,G,6-4,76,27,5
Nikola Topić,OKC,West,Northwest,G,6-6,78,20,44
Payton Sandfort,OKC,West,Northwest,F,6-7,79,23,14
Shai Gilgeous-Alexander,OKC,West,Northwest,G,6-6,78,27,2
Thomas Sorber,OKC,West,Northwest,C,6-9,81,20,12
Alex Morales,ORL,East,Southeast,G,6-6,78,28,
Anthony Black,ORL,East,Southeast,G,6-7,79,22,0
Colin Castleton,ORL,East,Southeast,C,6-10,82,26,14
Desmond Bane,ORL,East,Southeast,G,6-6,78,27,3
Franz Wagner,ORL,East,Southeast,F,6-10,82,24,22
Goga Bitadze,ORL,East,Southeast,C-F,6-11,83,26,35
Jalen Suggs,ORL,East,Southeast,G,6-5,77,25,4
Jamal Cain,ORL,East,Southeast,F,6-7,79,27,8
Jase Richardson,ORL,East,Southeast,G,6-1,73,20,11
Jett Howard,ORL,East,Southeast,G,6-8,80,22,13
Jevon Carter,ORL,East,Southeast,G,6-0,72,30,2
Jonathan Isaac,ORL,East,Southeast,F,6-10,82,28,1
Moritz Wagner,ORL,East,Southeast,F-C,6-11,83,29,21
Noah Penda,ORL,East,Southeast,G-F,6-7,79,21,93
Paolo Banchero,ORL,East,Southeast,F,6-10,82,23,5
Tristan da Silva,ORL,East,Southeast,F,6-8,80,25,23
Wendell Carter Jr.,ORL,East,Southeast,C-F,6-10,82,27,34
Adem Bona,PHI,East,Atlantic,F,6-10,82,23,30
Andre Drummond,PHI,East,Atlantic,C,6-11,83,32,1
Dalen Terry,PHI,East,Atlantic,F,6-6,78,23,14
Dominick Barlow,PHI,East,Atlantic,F,6-9,81,23,25
Jabari Walker,PHI,East,Atlantic,F,6-7,79,23,33
Joel Embiid,PHI,East,Atlantic,C-F,7-0,84,32,21
Johni Broome,PHI,East,Atlantic,F,6-9,81,23,22
Justin Edwards,PHI,East,Atlantic,F,6-7,79,22,11
Kelly Oubre Jr.,PHI,East,Atlantic,F-G,6-8,80,30,9
Kyle Lowry,PHI,East,Atlantic,G,6-0,72,40,7
MarJon Beauchamp,PHI,East,Atlantic,F,6-7,79,25,16
Paul George,PHI,East,Atlantic,F,6-8,80,36,8
Quentin Grimes,PHI,East,Atlantic,G,6-5,77,26,5
Trendon Watford,PHI,East,Atlantic,G-F,6-8,80,25,12
Tyrese Martin,PHI,East,Atlantic,F,6-6,78,27,23
Tyrese Maxey,PHI,East,Atlantic,G,6-2,74,25,0
VJ Edgecombe,PHI,East,Atlantic,G,6-4,76,20,77
Amir Coffey,PHX,West,Pacific,G-F,6-7,79,29,2
CJ Huntley,PHX,West,Pacific,F,6-11,83,24,22
Collin Gillespie,PHX,West,Pacific,G,6-1,73,26,12
Devin Booker,PHX,West,Pacific,G,6-5,77,29,1
Dillon Brooks,PHX,West,Pacific,G-F,6-7,79,30,3
Grayson Allen,PHX,West,Pacific,G,6-3,75,30,8
Haywood Highsmith,PHX,West,Pacific,F,6-5,77,29,7
Isaiah Livers,PHX,West,Pacific,F,6-6,78,27,18
Jalen Green,PHX,West,Pacific,G,6-4,76,24,4
Jamaree Bouyea,PHX,West,Pacific,G,6-2,74,26,17
Jordan Goodwin,PHX,West,Pacific,G,6-3,75,27,23
Khaman Maluach,PHX,West,Pacific,C,7-1,85,19,10
Koby Brea,PHX,West,Pacific,G,6-5,77,23,14
Mark Williams,PHX,West,Pacific,C,7-1,85,24,15
Oso Ighodaro,PHX,West,Pacific,F,6-11,83,23,11
Rasheer Fleming,PHX,West,Pacific,F,6-9,81,21,20
Royce O'Neale,PHX,West,Pacific,F,6-6,78,33,00
Ryan Dunn,PHX,West,Pacific,F,6-7,79,23,0
Blake Wesley,POR,West,Northwest,G,6-4,76,23,1
Caleb Love,POR,West,Northwest,G,6-3,75,24,2
Chris Youngblood,POR,West,Northwest,G,6-4,76,24,3
Damian Lillard,POR,West,Northwest,G,6-2,74,35,0
Deni Avdija,POR,West,Northwest,F,6-8,80,25,8
Donovan Clingan,POR,West,Northwest,C,7-2,86,22,23
Jayson Kent,POR,West,Northwest,F,6-8,80,24,
Jerami Grant,POR,West,Northwest,F,6-7,79,32,9
Jrue Holiday,POR,West,Northwest,G,6-4,76,36,5
Kris Murray,POR,West,Northwest,F,6-8,80,25,24
Matisse Thybulle,POR,West,Northwest,G-F,6-5,77,29,4
Robert Williams III,POR,West,Northwest,C-F,6-9,81,28,35
Scoot Henderson,POR,West,Northwest,G,6-3,75,22,00
Shaedon Sharpe,POR,West,Northwest,G,6-5,77,23,17
Sidy Cissoko,POR,West,Northwest,G,6-6,78,22,91
Toumani Camara,POR,West,Northwest,F,6-7,79,26,33
Vít Krejčí,POR,West,Northwest,G,6-8,80,25,27
Yang Hansen,POR,West,Northwest,C,7-1,85,20,16
Daeqwon Plowden,SAC,West,Pacific,G-F,6-4,76,27,29
De'Andre Hunter,SAC,West,Pacific,F-G,6-7,79,28,15
DeMar DeRozan,SAC,West,Pacific,G-F,6-6,78,36,10
Devin Carter,SAC,West,Pacific,G,6-2,74,24,22
Domantas Sabonis,SAC,West,Pacific,F-C,6-10,82,30,11
Doug McDermott,SAC,West,Pacific,F,6-7,79,34,7
Drew Eubanks,SAC,West,Pacific,F-C,6-10,82,29,19
Dylan Cardwell,SAC,West,Pacific,C,6-10,82,24,32
Isaiah Stevens,SAC,West,Pacific,G,5-11,71,25,24
Keegan Murray,SAC,West,Pacific,F,6-8,80,25,13
Killian Hayes,SAC,West,Pacific,G,6-4,76,24,7
Malik Monk,SAC,West,Pacific,G,6-3,75,28,0
Maxime Raynaud,SAC,West,Pacific,C,7-1,85,23,42
Nique Clifford,SAC,West,Pacific,G,6-5,77,24,5
Patrick Baldwin Jr.,SAC,West,Pacific,F,7-0,84,23,23
Precious Achiuwa,SAC,West,Pacific,F,6-8,80,26,9
Russell Westbrook,SAC,West,Pacific,G,6-4,76,37,18
Zach LaVine,SAC,West,Pacific,G,6-5,77,31,8
Bismack Biyombo,SAS,West,Southwest,C,6-8,80,33,18
Carter Bryant,SAS,West,Southwest,F,6-6,78,20,11
David Jones Garcia,SAS,West,Southwest,G,6-4,76,24,25
De'Aaron Fox,SAS,West,Southwest,G,6-3,75,28,4
Devin Vassell,SAS,West,Southwest,G-F,6-5,77,25,24
Dylan Harper,SAS,West,Southwest,G,6-5,77,20,2
Emanuel Miller,SAS,West,Southwest,F,6-5,77,25,14
Harrison Barnes,SAS,West,Southwest,F,6-7,79,34,40
Harrison Ingram,SAS,West,Southwest,F,6-5,77,23,55
Jordan McLaughlin,SAS,West,Southwest,G,5-11,71,30,0
Julian Champagnie,SAS,West,Southwest,F,6-7,79,24,30
Keldon Johnson,SAS,West,Southwest,F-G,6-6,78,26,3
Kelly Olynyk,SAS,West,Southwest,F-C,7-0,84,35,8
Lindy Waters III,SAS,West,Southwest,F,6-5,77,28,43
Luke Kornet,SAS,West,Southwest,C-F,7-1,85,30,7
Mason Plumlee,SAS,West,Southwest,F-C,7-0,84,36,45
Stephon Castle,SAS,West,Southwest,G,6-6,78,21,5
Victor Wembanyama,SAS,West,Southwest,F-C,7-4,88,22,1
A.J. Lawson,TOR,East,Atlantic,G,6-6,78,25,0
Alijah Martin,TOR,East,Atlantic,G,6-2,74,24,55
Brandon Ingram,TOR,East,Atlantic,F,6-8,80,28,3
Chucky Hepburn,TOR,East,Atlantic,G,6-0,72,23,24
Collin Murray-Boyles,TOR,East,Atlantic,F,6-7,79,21,12
Garrett Temple,TOR,East,Atlantic,G-F,6-5,77,40,17
Gradey Dick,TOR,East,Atlantic,G-F,6-7,79,22,1
Immanuel Quickley,TOR,East,Atlantic,G,6-2,74,27,5
Ja'Kobe Walter,TOR,East,Atlantic,G,6-4,76,21,14
Jakob Poeltl,TOR,East,Atlantic,C,7-0,84,30,19
Jamal Shead,TOR,East,Atlantic,G,6-1,73,23,23
Jamison Battle,TOR,East,Atlantic,F,6-7,79,25,77
Jonathan Mogbo,TOR,East,Atlantic,F,6-9,81,24,2
RJ Barrett,TOR,East,Atlantic,F-G,6-6,78,26,9
Sandro Mamukelashvili,TOR,East,Atlantic,F-C,6-9,81,27,54
Scottie Barnes,TOR,East,Atlantic,F-G,6-8,80,24,4
Trayce Jackson-Davis,TOR,East,Atlantic,F,6-9,81,26,32
Ace Bailey,UTA,West,Northwest,F,6-9,81,19,19
Bez Mbeng,UTA,West,Northwest,G,6-4,76,23,21
Blake Hinson,UTA,West,Northwest,F,6-8,80,26,2
Brice Sensabaugh,UTA,West,Northwest,F,6-6,78,22,28
Cody Williams,UTA,West,Northwest,F,6-8,80,21,5
Elijah Harkless,UTA,West,Northwest,G,6-3,75,26,16
Hayden Gray,UTA,West,Northwest,G,6-4,76,23,
Isaiah Collier,UTA,West,Northwest,G,6-4,76,21,8
Jaren Jackson Jr.,UTA,West,Northwest,F-C,6-10,82,26,20
John Konchar,UTA,West,Northwest,G,6-5,77,30,55
Jusuf Nurkić,UTA,West,Northwest,C,6-11,83,31,30
Kevin Love,UTA,West,Northwest,F-C,6-10,82,37,42
Keyonte George,UTA,West,Northwest,G,6-4,76,22,3
Kyle Filipowski,UTA,West,Northwest,C,6-11,83,22,22
Lauri Markkanen,UTA,West,Northwest,F-C,7-1,85,29,23
Oscar Tshiebwe,UTA,West,Northwest,F-C,6-8,80,26,34
Svi Mykhailiuk,UTA,West,Northwest,G-F,6-7,79,29,10
Walker Kessler,UTA,West,Northwest,C,7-2,86,24,24
Alex Sarr,WAS,East,Southeast,C,7-0,84,21,20
Anthony Davis,WAS,East,Southeast,F-C,6-10,82,33,23
Anthony Gill,WAS,East,Southeast,F,6-7,79,33,16
Bilal Coulibaly,WAS,East,Southeast,G,6-7,79,21,0
Bub Carrington,WAS,East,Southeast,G,6-4,76,20,7
Cam Whitmore,WAS,East,Southeast,F,6-6,78,21,1
D'Angelo Russell,WAS,East,Southeast,G,6-3,75,30,5
Jaden Hardy,WAS,East,Southeast,G,6-3,75,23,8
Jamir Watkins,WAS,East,Southeast,F,6-6,78,24,5
Julian Reese,WAS,East,Southeast,F,6-9,81,22,
Justin Champagnie,WAS,East,Southeast,G-F,6-6,78,24,9
Kyshawn George,WAS,East,Southeast,F,6-8,80,22,18
Leaky Black,WAS,East,Southeast,F,6-6,78,27,12
Sharife Cooper,WAS,East,Southeast,G,6-0,72,25,13
Trae Young,WAS,East,Southeast,G,6-2,74,27,3
Tre Johnson,WAS,East,Southeast,G,6-5,77,20,12
Tristan Vukcevic,WAS,East,Southeast,F,7-0,84,23,00
Will Riley,WAS,East,Southeast,F,6-9,81,20,27
